scenario,total_accepted,projected_attempts,projected_active_hours,projected_published_bytes,projected_peak_bytes,projected_remaining_free_bytes,measured
rc5_baseline,49152,17468388,71.3479547156766,53408334708,76217835649,254232768383,false
rc5_baseline,65536,23291184,95.1306062875688,71211112944,94910752797,235539851235,false
rc5_baseline,98304,34936776,142.6959094313532,106816669416,132296587092,198154016940,false
proposal_v2_hypothetical_2x,49152,8734194,35.6739773578383,53408334708,76217835649,254232768383,false
proposal_v2_hypothetical_2x,65536,11645592,47.5653031437844,71211112944,94910752797,235539851235,false
proposal_v2_hypothetical_2x,98304,17468388,71.3479547156766,106816669416,132296587092,198154016940,false
