{
  "calibration_accessed": false,
  "development": {
    "case_count": 6144,
    "coverage": {
      "0.50": {
        "joint": 0.46240234375,
        "joint_absolute_error": 0.03759765625,
        "marginal": [
          0.4793294270833333,
          0.4856770833333333
        ],
        "maximum_marginal_absolute_error": 0.020670572916666685,
        "mean_width": [
          0.5717167245506397,
          0.6250411425476421
        ]
      },
      "0.80": {
        "joint": 0.7594401041666666,
        "joint_absolute_error": 0.040559895833333415,
        "marginal": [
          0.7890625,
          0.7867838541666666
        ],
        "maximum_marginal_absolute_error": 0.013216145833333415,
        "mean_width": [
          1.1029339670165454,
          1.2077972486806747
        ]
      },
      "0.90": {
        "joint": 0.8658854166666666,
        "joint_absolute_error": 0.03411458333333339,
        "marginal": [
          0.89501953125,
          0.8924153645833334
        ],
        "maximum_marginal_absolute_error": 0.007584635416666652,
        "mean_width": [
          1.4284369351907478,
          1.5748675809798154
        ]
      },
      "0.95": {
        "joint": 0.9251302083333334,
        "joint_absolute_error": 0.024869791666666585,
        "marginal": [
          0.9466145833333334,
          0.9479166666666666
        ],
        "maximum_marginal_absolute_error": 0.0033854166666665853,
        "mean_width": [
          1.7255280098928718,
          1.9109282842957678
        ]
      }
    },
    "em_cell_coverage": {
      "einstein_radius,environment_convergence,image_astrometry,lens_center,lens_redshift,source_redshift": {
        "case_count": 768,
        "joint_0.90": 0.8697916666666666,
        "marginal_0.90": [
          0.90234375,
          0.88671875
        ]
      },
      "einstein_radius,environment_convergence,image_astrometry,lens_center,lens_redshift,source_redshift,velocity_dispersion": {
        "case_count": 1536,
        "joint_0.90": 0.8665364583333334,
        "marginal_0.90": [
          0.8958333333333334,
          0.9036458333333334
        ]
      },
      "einstein_radius,environment_convergence,image_astrometry,lens_center,lens_redshift,velocity_dispersion": {
        "case_count": 768,
        "joint_0.90": 0.8958333333333334,
        "marginal_0.90": [
          0.9388020833333334,
          0.9244791666666666
        ]
      },
      "einstein_radius,environment_convergence,image_astrometry,lens_center,source_redshift,velocity_dispersion": {
        "case_count": 768,
        "joint_0.90": 0.8736979166666666,
        "marginal_0.90": [
          0.8893229166666666,
          0.8971354166666666
        ]
      },
      "environment_convergence,image_astrometry,lens_center,lens_redshift,source_redshift,velocity_dispersion": {
        "case_count": 768,
        "joint_0.90": 0.8723958333333334,
        "marginal_0.90": [
          0.8958333333333334,
          0.8893229166666666
        ]
      },
      "image_astrometry,lens_center": {
        "case_count": 768,
        "joint_0.90": 0.8190104166666666,
        "marginal_0.90": [
          0.8671875,
          0.8515625
        ]
      },
      "image_astrometry,lens_center,lens_redshift,source_redshift": {
        "case_count": 768,
        "joint_0.90": 0.86328125,
        "marginal_0.90": [
          0.875,
          0.8828125
        ]
      }
    },
    "evaluation_seed": 884929121009318629,
    "final_evaluation_accessed": false,
    "mean_nlp_nat_per_target_dimension": 0.27592897612339584,
    "median_crps": 0.18722279154726912,
    "median_nlp_nat_per_target_dimension": 0.0759747177362442,
    "posterior_draws_per_case": 1024,
    "posthoc_calibration_applied": false,
    "status": "completed_development_validation",
    "validation_internal_tail_views": {
      "extreme_profile_or_environment": {
        "case_count": 223,
        "median_crps": 0.18719473027363115,
        "median_nlp_nat_per_target_dimension": 0.10022349655628204,
        "minimum_case_requirement_met": true
      },
      "extreme_relative_magnification": {
        "case_count": 40,
        "median_crps": 0.22163106851543676,
        "median_nlp_nat_per_target_dimension": 0.33865126967430115,
        "minimum_case_requirement_met": false
      },
      "high_absolute_magnification": {
        "case_count": 422,
        "median_crps": 0.699543267841978,
        "median_nlp_nat_per_target_dimension": 0.807129442691803,
        "minimum_case_requirement_met": true
      },
      "second_image_near_threshold": {
        "case_count": 1894,
        "median_crps": 0.1857623963473994,
        "median_nlp_nat_per_target_dimension": 0.08983971178531647,
        "minimum_case_requirement_met": true
      }
    }
  },
  "final_evaluation_accessed": false,
  "identity": {
    "final_evaluation_commitment_sha256": "c13412eced163bac26abc4b22d054f3a6fa967e7e5a4dd7849ebf54f42df6083",
    "input_standardizer_sha256": "9e68cd211f5729c25c11e60ead8112cfe65f80d2ebcf79e66eaf4bc64073e9c8",
    "membership_sha256": "f2dddb02ca034d0f06a751b93cf6601321e9dd90e27c25770609c87f89fdb381",
    "model_configuration_hash": "8d0919c211b6aa057712a402f689f06d9ea916ba3c0c11cc32d0561aeb8d3087",
    "seed": 2,
    "target_standardizer_sha256": "ce5b41ed6c411f56cdc704cff0f2e88f6e539403bf5c7f526a8d572ec21936b4",
    "train_manifest_sha256": "10751b587319afff47d6eed24edfb0cb666dccc508fb0c6ff1084ca84950c518",
    "training_code_commit": "5baabfe229ad187f6bcdcc1dea7cf42aa43c41e9",
    "training_environment_sha256": "2e45000a8cea6712ae307c87782c593245ad56607a772f27a0cc5af726e37b95",
    "training_rung_count": 16384,
    "validation_manifest_sha256": "4348e278980bd81033a2db80568444262c165e0dea13f9d57d374f932ca823a3"
  },
  "status": "completed_probe_fit_and_development_validation",
  "training": {
    "best_epoch": 22,
    "best_validation_nlp_nat_per_target_dimension": 0.2759289775664608,
    "effective_batch_size": 256,
    "epochs_completed": 43,
    "final_evaluation_accessed": false,
    "gradient_accumulation_steps": 4,
    "identity": {
      "final_evaluation_commitment_sha256": "c13412eced163bac26abc4b22d054f3a6fa967e7e5a4dd7849ebf54f42df6083",
      "input_standardizer_sha256": "9e68cd211f5729c25c11e60ead8112cfe65f80d2ebcf79e66eaf4bc64073e9c8",
      "membership_sha256": "f2dddb02ca034d0f06a751b93cf6601321e9dd90e27c25770609c87f89fdb381",
      "model_configuration_hash": "8d0919c211b6aa057712a402f689f06d9ea916ba3c0c11cc32d0561aeb8d3087",
      "seed": 2,
      "target_standardizer_sha256": "ce5b41ed6c411f56cdc704cff0f2e88f6e539403bf5c7f526a8d572ec21936b4",
      "train_manifest_sha256": "10751b587319afff47d6eed24edfb0cb666dccc508fb0c6ff1084ca84950c518",
      "training_code_commit": "5baabfe229ad187f6bcdcc1dea7cf42aa43c41e9",
      "training_environment_sha256": "2e45000a8cea6712ae307c87782c593245ad56607a772f27a0cc5af726e37b95",
      "training_rung_count": 16384,
      "validation_manifest_sha256": "4348e278980bd81033a2db80568444262c165e0dea13f9d57d374f932ca823a3"
    },
    "physical_microbatch_size": 64,
    "posthoc_calibration_applied": false,
    "status": "completed"
  }
}
