{
  "case_count": 6144,
  "coverage": {
    "0.50": {
      "joint": 0.4353841145833333,
      "joint_absolute_error": 0.06461588541666669,
      "marginal": [
        0.54345703125,
        0.5001627604166666
      ],
      "maximum_marginal_absolute_error": 0.04345703125,
      "mean_width": [
        0.4681211970684231,
        0.4834434681944195
      ]
    },
    "0.80": {
      "joint": 0.7244466145833334,
      "joint_absolute_error": 0.07555338541666667,
      "marginal": [
        0.83203125,
        0.7955729166666666
      ],
      "maximum_marginal_absolute_error": 0.032031249999999956,
      "mean_width": [
        0.8924992181450176,
        0.9202865605090924
      ]
    },
    "0.90": {
      "joint": 0.833984375,
      "joint_absolute_error": 0.06601562500000002,
      "marginal": [
        0.9215494791666666,
        0.8894856770833334
      ],
      "maximum_marginal_absolute_error": 0.021549479166666607,
      "mean_width": [
        1.1531354989843259,
        1.1868511998931683
      ]
    },
    "0.95": {
      "joint": 0.8981119791666666,
      "joint_absolute_error": 0.051888020833333326,
      "marginal": [
        0.96240234375,
        0.9347330729166666
      ],
      "maximum_marginal_absolute_error": 0.015266927083333326,
      "mean_width": [
        1.3827452013784223,
        1.4189044241574313
      ]
    }
  },
  "em_cell_coverage": {
    "einstein_radius,environment_convergence,image_astrometry,lens_center,lens_redshift,source_redshift": {
      "case_count": 768,
      "joint_0.90": 0.8190104166666666,
      "marginal_0.90": [
        0.9270833333333334,
        0.8893229166666666
      ]
    },
    "einstein_radius,environment_convergence,image_astrometry,lens_center,lens_redshift,source_redshift,velocity_dispersion": {
      "case_count": 1536,
      "joint_0.90": 0.837890625,
      "marginal_0.90": [
        0.9140625,
        0.8776041666666666
      ]
    },
    "einstein_radius,environment_convergence,image_astrometry,lens_center,lens_redshift,velocity_dispersion": {
      "case_count": 768,
      "joint_0.90": 0.8359375,
      "marginal_0.90": [
        0.9361979166666666,
        0.8841145833333334
      ]
    },
    "einstein_radius,environment_convergence,image_astrometry,lens_center,source_redshift,velocity_dispersion": {
      "case_count": 768,
      "joint_0.90": 0.8307291666666666,
      "marginal_0.90": [
        0.9127604166666666,
        0.8815104166666666
      ]
    },
    "environment_convergence,image_astrometry,lens_center,lens_redshift,source_redshift,velocity_dispersion": {
      "case_count": 768,
      "joint_0.90": 0.8515625,
      "marginal_0.90": [
        0.9361979166666666,
        0.9192708333333334
      ]
    },
    "image_astrometry,lens_center": {
      "case_count": 768,
      "joint_0.90": 0.8138020833333334,
      "marginal_0.90": [
        0.90625,
        0.88671875
      ]
    },
    "image_astrometry,lens_center,lens_redshift,source_redshift": {
      "case_count": 768,
      "joint_0.90": 0.8450520833333334,
      "marginal_0.90": [
        0.92578125,
        0.8997395833333334
      ]
    }
  },
  "evaluation_seed": 11412532859922369967,
  "final_evaluation_accessed": false,
  "mean_nlp_nat_per_target_dimension": 0.014666840824550794,
  "median_crps": 0.1365122246498272,
  "median_nlp_nat_per_target_dimension": -0.1921483874320984,
  "posterior_draws_per_case": 1024,
  "posthoc_calibration_applied": false,
  "status": "completed_development_validation",
  "validation_internal_tail_views": {
    "extreme_profile_or_environment": {
      "case_count": 223,
      "median_crps": 0.1619438522874332,
      "median_nlp_nat_per_target_dimension": -0.05790039151906967,
      "minimum_case_requirement_met": true
    },
    "extreme_relative_magnification": {
      "case_count": 40,
      "median_crps": 0.1457491811234868,
      "median_nlp_nat_per_target_dimension": -0.04429074376821518,
      "minimum_case_requirement_met": false
    },
    "high_absolute_magnification": {
      "case_count": 422,
      "median_crps": 0.47426317956936564,
      "median_nlp_nat_per_target_dimension": 0.40351325273513794,
      "minimum_case_requirement_met": true
    },
    "second_image_near_threshold": {
      "case_count": 1894,
      "median_crps": 0.13221151339301923,
      "median_nlp_nat_per_target_dimension": -0.17120960354804993,
      "minimum_case_requirement_met": true
    }
  }
}
