{
  "calibration_accessed": false,
  "development": {
    "case_count": 6144,
    "coverage": {
      "0.50": {
        "joint": 0.4353841145833333,
        "joint_absolute_error": 0.06461588541666669,
        "marginal": [
          0.54345703125,
          0.5001627604166666
        ],
        "maximum_marginal_absolute_error": 0.04345703125,
        "mean_width": [
          0.4681211970684231,
          0.4834434681944195
        ]
      },
      "0.80": {
        "joint": 0.7244466145833334,
        "joint_absolute_error": 0.07555338541666667,
        "marginal": [
          0.83203125,
          0.7955729166666666
        ],
        "maximum_marginal_absolute_error": 0.032031249999999956,
        "mean_width": [
          0.8924992181450176,
          0.9202865605090924
        ]
      },
      "0.90": {
        "joint": 0.833984375,
        "joint_absolute_error": 0.06601562500000002,
        "marginal": [
          0.9215494791666666,
          0.8894856770833334
        ],
        "maximum_marginal_absolute_error": 0.021549479166666607,
        "mean_width": [
          1.1531354989843259,
          1.1868511998931683
        ]
      },
      "0.95": {
        "joint": 0.8981119791666666,
        "joint_absolute_error": 0.051888020833333326,
        "marginal": [
          0.96240234375,
          0.9347330729166666
        ],
        "maximum_marginal_absolute_error": 0.015266927083333326,
        "mean_width": [
          1.3827452013784223,
          1.4189044241574313
        ]
      }
    },
    "em_cell_coverage": {
      "einstein_radius,environment_convergence,image_astrometry,lens_center,lens_redshift,source_redshift": {
        "case_count": 768,
        "joint_0.90": 0.8190104166666666,
        "marginal_0.90": [
          0.9270833333333334,
          0.8893229166666666
        ]
      },
      "einstein_radius,environment_convergence,image_astrometry,lens_center,lens_redshift,source_redshift,velocity_dispersion": {
        "case_count": 1536,
        "joint_0.90": 0.837890625,
        "marginal_0.90": [
          0.9140625,
          0.8776041666666666
        ]
      },
      "einstein_radius,environment_convergence,image_astrometry,lens_center,lens_redshift,velocity_dispersion": {
        "case_count": 768,
        "joint_0.90": 0.8359375,
        "marginal_0.90": [
          0.9361979166666666,
          0.8841145833333334
        ]
      },
      "einstein_radius,environment_convergence,image_astrometry,lens_center,source_redshift,velocity_dispersion": {
        "case_count": 768,
        "joint_0.90": 0.8307291666666666,
        "marginal_0.90": [
          0.9127604166666666,
          0.8815104166666666
        ]
      },
      "environment_convergence,image_astrometry,lens_center,lens_redshift,source_redshift,velocity_dispersion": {
        "case_count": 768,
        "joint_0.90": 0.8515625,
        "marginal_0.90": [
          0.9361979166666666,
          0.9192708333333334
        ]
      },
      "image_astrometry,lens_center": {
        "case_count": 768,
        "joint_0.90": 0.8138020833333334,
        "marginal_0.90": [
          0.90625,
          0.88671875
        ]
      },
      "image_astrometry,lens_center,lens_redshift,source_redshift": {
        "case_count": 768,
        "joint_0.90": 0.8450520833333334,
        "marginal_0.90": [
          0.92578125,
          0.8997395833333334
        ]
      }
    },
    "evaluation_seed": 11412532859922369967,
    "final_evaluation_accessed": false,
    "mean_nlp_nat_per_target_dimension": 0.014666840824550794,
    "median_crps": 0.1365122246498272,
    "median_nlp_nat_per_target_dimension": -0.1921483874320984,
    "posterior_draws_per_case": 1024,
    "posthoc_calibration_applied": false,
    "status": "completed_development_validation",
    "validation_internal_tail_views": {
      "extreme_profile_or_environment": {
        "case_count": 223,
        "median_crps": 0.1619438522874332,
        "median_nlp_nat_per_target_dimension": -0.05790039151906967,
        "minimum_case_requirement_met": true
      },
      "extreme_relative_magnification": {
        "case_count": 40,
        "median_crps": 0.1457491811234868,
        "median_nlp_nat_per_target_dimension": -0.04429074376821518,
        "minimum_case_requirement_met": false
      },
      "high_absolute_magnification": {
        "case_count": 422,
        "median_crps": 0.47426317956936564,
        "median_nlp_nat_per_target_dimension": 0.40351325273513794,
        "minimum_case_requirement_met": true
      },
      "second_image_near_threshold": {
        "case_count": 1894,
        "median_crps": 0.13221151339301923,
        "median_nlp_nat_per_target_dimension": -0.17120960354804993,
        "minimum_case_requirement_met": true
      }
    }
  },
  "final_evaluation_accessed": false,
  "identity": {
    "final_evaluation_commitment_sha256": "c13412eced163bac26abc4b22d054f3a6fa967e7e5a4dd7849ebf54f42df6083",
    "input_standardizer_sha256": "9fb7dee85fb687143b53d3f93d9f62885ad32d9629a2ac07d9d89f0271367422",
    "membership_sha256": "b0c28b57350c3cf196c047005fb04f4b3388db0cbcc3caee61016f1ff6e4280b",
    "model_configuration_hash": "8d0919c211b6aa057712a402f689f06d9ea916ba3c0c11cc32d0561aeb8d3087",
    "seed": 1,
    "target_standardizer_sha256": "931d5c9f53c70274574f74f0dccc8f27bdcbf8e9344e24c777348ce5caeb9577",
    "train_manifest_sha256": "10751b587319afff47d6eed24edfb0cb666dccc508fb0c6ff1084ca84950c518",
    "training_code_commit": "5baabfe229ad187f6bcdcc1dea7cf42aa43c41e9",
    "training_environment_sha256": "2e45000a8cea6712ae307c87782c593245ad56607a772f27a0cc5af726e37b95",
    "training_rung_count": 32768,
    "validation_manifest_sha256": "4348e278980bd81033a2db80568444262c165e0dea13f9d57d374f932ca823a3"
  },
  "status": "completed_probe_fit_and_development_validation",
  "training": {
    "best_epoch": 39,
    "best_validation_nlp_nat_per_target_dimension": 0.01466684949506695,
    "effective_batch_size": 256,
    "epochs_completed": 60,
    "final_evaluation_accessed": false,
    "gradient_accumulation_steps": 4,
    "identity": {
      "final_evaluation_commitment_sha256": "c13412eced163bac26abc4b22d054f3a6fa967e7e5a4dd7849ebf54f42df6083",
      "input_standardizer_sha256": "9fb7dee85fb687143b53d3f93d9f62885ad32d9629a2ac07d9d89f0271367422",
      "membership_sha256": "b0c28b57350c3cf196c047005fb04f4b3388db0cbcc3caee61016f1ff6e4280b",
      "model_configuration_hash": "8d0919c211b6aa057712a402f689f06d9ea916ba3c0c11cc32d0561aeb8d3087",
      "seed": 1,
      "target_standardizer_sha256": "931d5c9f53c70274574f74f0dccc8f27bdcbf8e9344e24c777348ce5caeb9577",
      "train_manifest_sha256": "10751b587319afff47d6eed24edfb0cb666dccc508fb0c6ff1084ca84950c518",
      "training_code_commit": "5baabfe229ad187f6bcdcc1dea7cf42aa43c41e9",
      "training_environment_sha256": "2e45000a8cea6712ae307c87782c593245ad56607a772f27a0cc5af726e37b95",
      "training_rung_count": 32768,
      "validation_manifest_sha256": "4348e278980bd81033a2db80568444262c165e0dea13f9d57d374f932ca823a3"
    },
    "physical_microbatch_size": 64,
    "posthoc_calibration_applied": false,
    "status": "completed"
  }
}
